rule,support,confidence,lift,antecedent support,consequent support,leverage,conviction,zhangs_metric,Strong
sub fixings  →  vinegar,0.0047169811320754715,1.0,212.0,0.0047169811320754715,0.0047169811320754715,0.004694731221075115,inf,1.0,True
vinegar  →  sub fixings,0.0047169811320754715,1.0,212.0,0.0047169811320754715,0.0047169811320754715,0.004694731221075115,inf,1.0,True
truffle butter  →  wagyu,0.0047169811320754715,1.0,212.0,0.0047169811320754715,0.0047169811320754715,0.004694731221075115,inf,1.0,True
wagyu  →  truffle butter,0.0047169811320754715,1.0,212.0,0.0047169811320754715,0.0047169811320754715,0.004694731221075115,inf,1.0,True
"eggs, lemon  →  artichokes",0.0047169811320754715,1.0,212.0,0.0047169811320754715,0.0047169811320754715,0.004694731221075115,inf,1.0,True
